plant_name,lat,lon,capacity_mw,status,retirement_year,state,plant_code,nearest_grid_idx,grid_distance_km,depth_bin,depth_300_km,depth_score,status_score
Scherer,33.0606,-83.8075,3564.0,Operating,2022.0,GA,6257.0,68391,2.0593666298199995,>10 km,,10,2
Bowen,34.1256,-84.9222,3498.6,Operating,,GA,703.0,93932,1.9030142973153408,>10 km,,10,2
Gibson,38.372222,-87.765833,3339.5,Operating,,IN,6113.0,212345,2.278144198024864,>10 km,,10,2
Monroe (MI),41.8906,-83.3464,3279.6,Operating,,MI,1733.0,326735,0.9373652744072433,>10 km,,10,2
John E Amos,38.4731,-81.8233,2932.6,Operating,,WV,3935.0,215669,2.3513423989000826,>10 km,,10,2
James H Miller Jr,33.6319,-87.0597,2822.0,Operating,,AL,6002.0,81197,1.8310231262019676,>10 km,,10,2
W A Parish,29.4828,-95.6311,2736.8,Operating,,TX,3470.0,12103,2.0747265111787927,>10 km,,10,2
Rockport,37.9256,-87.0372,2600.0,Operating,,IN,6166.0,198585,1.2444220493675084,>10 km,,10,2
"Gavin Power, LLC",38.9347,-82.1158,2600.0,Operating,,OH,8102.0,229640,1.5031063173317734,>10 km,,10,2
Cumberland (TN),36.3903,-87.6539,2600.0,Operating,,TN,3399.0,154391,0.9514887915203993,>10 km,,10,2
Roxboro,36.4833,-79.0731,2558.2,Operating,,NC,2712.0,157149,1.0299673551700779,>10 km,,10,2
Paradise,37.2608,-86.9783,2558.2,Retired,2020.0,KY,1378.0,178998,1.553013365158418,>10 km,,10,1
Sherburne County,45.3808,-93.8931,2469.3,Operating,2023.0,MN,6090.0,439752,0.7080853895950688,>10 km,,10,2
Cross,33.371506,-80.113235,2451.5,Operating,,SC,130.0,75302,2.295005820414575,>10 km,,10,2
Crystal River,28.9656,-82.6977,2442.7,Operating,2018.0,FL,628.0,9058,0.8088498708362177,>10 km,,10,2
Navajo,36.9047,-111.3886,2409.3,Retired,2019.0,AZ,4941.0,168075,1.8980566574747482,>10 km,,10,1
Labadie,38.562244,-90.837686,2389.4,Operating,,MO,2103.0,217610,0.54696882017381,>10 km,,10,2
Martin Lake,32.2606,-94.5706,2379.6,Operating,,TX,6146.0,51042,0.6082031971231604,8-10 km,10.0,6,2
Colstrip,45.8831,-106.614,2363.4,Operating,2020.0,MT,6076.0,454192,0.8063474372967427,>10 km,,10,2
Ghent,38.7497,-85.035,2225.9,Operating,,KY,1356.0,223200,1.6453496490843729,>10 km,,10,2
Jeffrey Energy Center,39.286453,-96.117231,2160.0,Operating,,KS,6068.0,240162,1.6014690733354862,>10 km,,10,2
AES Petersburg,38.5281,-87.2525,2146.7,Operating,2023.0,IN,994.0,216134,0.4988416351649143,>10 km,,10,2
FirstEnergy Harrison Power Station,39.384167,-80.3325,2052.0,Operating,,WV,3944.0,243808,1.988878444291628,>10 km,,10,2
Homer City Generating Station,40.512825,-79.196107,2012.0,Retired,2024.0,PA,3122.0,279436,0.9202019478923835,>10 km,,10,1
Monticello,33.0917,-95.0417,1980.0,Retired,2018.0,TX,6147.0,69140,1.452153393743431,>10 km,,10,1
Conemaugh,40.3842,-79.0611,1951.0,Operating,,PA,3118.0,274983,1.8209317171468236,>10 km,,10,2
R M Schahfer,41.2164,-87.0261,1943.4,Operating,2021.0,IN,6085.0,303252,0.5111226534761601,>10 km,,10,2
Wansley,33.41342,-85.032329,1904.0,Retired,2022.0,GA,6052.0,76622,2.013780012720632,>10 km,,10,1
Baldwin Energy Complex,38.205,-89.8544,1894.1,Operating,2020.0,IL,889.0,206968,0.3542290178516956,>10 km,,10,2
Cardinal,40.2522,-80.6486,1880.4,Operating,,OH,2828.0,270963,1.658548330079023,>10 km,,10,2
Keystone,40.6604,-79.3411,1872.0,Operating,,PA,3136.0,285163,1.817091869843943,>10 km,,10,2
Laramie River Station,42.108889,-104.8825,1863.0,Operating,,WY,6204.0,332816,1.8999339811705578,>10 km,,10,2
Limestone,31.4219,-96.2525,1849.8,Operating,,TX,298.0,35950,1.4087995700458125,>10 km,,10,2
San Juan,36.8006,-108.4386,1848.0,Retired,2022.0,NM,2451.0,165980,2.202219050717738,>10 km,,10,1
Independence Steam Electric Station,35.678442,-91.408761,1800.0,Operating,,AR,6641.0,134792,2.117359996382178,>10 km,,10,2
White Bluff,34.4228,-92.1406,1800.0,Operating,,AR,6009.0,100893,1.7259146819007813,>10 km,,10,2
Oak Grove (TX),31.1803,-96.4866,1795.4,Operating,,TX,6180.0,32354,1.9050449765748836,>10 km,,10,2
Powerton,40.5408,-89.6786,1785.6,Operating,,IL,879.0,280316,0.3384971228577602,>10 km,,10,2
Walter Scott Jr Energy Center,41.18,-95.8408,1778.9,Operating,2015.0,IA,1082.0,301926,0.9084805972687964,>10 km,,10,2
Prairie State Generating Station,38.279167,-89.666944,1766.0,Operating,,IL,55856.0,209084,0.69270983166916,>10 km,,10,2
Springerville,34.3186,-109.1639,1765.8,Operating,,AZ,8223.0,97949,2.043147745345937,8-10 km,8.5,6,2
Iatan,39.4472,-94.98,1753.9,Operating,,MO,6065.0,244583,1.2761329121525329,>10 km,,10,2
Mill Creek (KY),38.0525,-85.9103,1717.2,Operating,2024.0,KY,1364.0,202820,1.842358527066056,>10 km,,10,2
Kingston,35.8992,-84.5194,1700.0,Operating,,TN,3407.0,140568,1.650724694871753,>10 km,,10,2
Fayette Power Project,29.9172,-96.7506,1690.0,Operating,,TX,6179.0,16019,2.027734681014931,>10 km,,10,2
Welsh,33.05522,-94.839993,1674.0,Operating,2016.0,TX,6139.0,68145,0.5283659996429213,8-10 km,10.0,6,2
Mt Storm,39.2008,-79.2636,1662.4,Operating,,WV,3954.0,237260,1.8469932595877505,>10 km,,10,2
Intermountain Power Project,39.509731,-112.58018,1640.0,Retired,2025.0,UT,6481.0,246394,1.9704858476091536,8-10 km,8.5,6,1
Four Corners,36.69,-108.4814,1636.2,Operating,,NM,2442.0,163032,2.3038166224198147,>10 km,,10,2
Comanche (CO),38.2081,-104.5747,1635.3,Operating,2022.0,CO,470.0,206641,1.6434717172701658,8-10 km,10.0,6,2
Mitchell (WV),39.8297,-80.8153,1632.6,Operating,,WV,3948.0,257048,1.4273911090667186,>10 km,,10,2
H L Spurlock,38.7,-83.8181,1608.5,Operating,,KY,6041.0,222055,1.1000917814147146,>10 km,,10,2
La Cygne,38.3481,-94.6456,1598.9,Operating,,KS,1241.0,211106,1.6751572479663432,>10 km,,10,2
Shawnee,37.1517,-88.775,1575.0,Operating,,KY,1379.0,175749,1.3864693002300226,>10 km,,10,2
J H Campbell,42.910296,-86.20074,1560.8,Operating,,MI,1710.0,360418,1.8950477140722515,>10 km,,10,2
St Clair,42.7642,-82.4719,1547.0,Retired,2022.0,MI,1743.0,355086,1.0310557044986841,>10 km,,10,1
J K Spruce,29.309722,-98.3203,1488.5,Operating,,TX,7097.0,10920,1.4703320099537245,>10 km,,10,2
Johnsonville,36.0278,-87.9861,1485.2,Retired,2017.0,TN,3406.0,144045,1.9436631184321276,>10 km,,10,1
Hunter,39.1747,-111.0289,1472.2,Operating,,UT,6165.0,236560,1.9083356125660595,>10 km,,10,2
Barry,31.0069,-88.0103,1464.5,Operating,2015.0,AL,3.0,29918,1.7166431912487106,>10 km,,10,2
Transalta Centralia Generation,46.755938,-122.859764,1459.8,Operating,2020.0,WA,3845.0,479701,0.7106474953171822,>10 km,,10,2
Seminole (FL),29.733056,-81.632778,1429.2,Operating,2024.0,FL,136.0,14481,1.7732044604979529,>10 km,,10,2
Craig (CO),40.4627,-107.5912,1427.6,Operating,,CO,6021.0,277678,2.0295766468798613,8-10 km,10.0,6,2
Gorgas,33.644344,-87.196486,1416.7,Retired,2019.0,AL,8.0,82073,1.1927566812359798,>10 km,,10,1
Elm Road Generating Station,42.8492,-87.8336,1402.6,Operating,,WI,56068.0,358254,1.0239617574912643,>10 km,,10,2
Trimble County,38.5847,-85.4117,1400.1,Operating,,KY,6071.0,218804,1.4302042365927907,>10 km,,10,2
Belle River,42.7756,-82.495,1395.0,Operating,,MI,6034.0,355086,2.1212730992559137,>10 km,,10,2
Nebraska City,40.6214,-95.7764,1389.6,Operating,,NE,6096.0,282432,1.8540732613573987,>10 km,,10,2
Harllee Branch,33.195,-83.2983,1387.2,Retired,2015.0,GA,709.0,71348,1.086624999800185,>10 km,,10,1
Brandon Shores,39.182073,-76.537151,1370.2,Operating,,MD,602.0,237316,1.4275270129955873,>10 km,,10,2
Pleasants Power Station,39.366667,-81.294444,1368.0,Operating,,WV,6004.0,242681,1.6073355582172937,>10 km,,10,2
Gerald Gentleman,41.0808,-101.1408,1362.6,Operating,,NE,6077.0,298371,0.4536557366051756,>10 km,,10,2
St Johns River Power Park,30.4308,-81.5508,1358.0,Retired,2018.0,FL,207.0,22655,2.358755125147308,>10 km,,10,1
Chesterfield,37.3822,-77.3833,1352.9,Retired,2023.0,VA,3797.0,182809,1.8252016015506736,>10 km,,10,1
Colbert,34.7439,-87.8486,1350.0,Retired,2016.0,AL,47.0,108981,1.8089599325921286,>10 km,,10,1
Kincaid Generation LLC,39.590556,-89.496389,1319.0,Operating,,IL,876.0,249113,1.7690295523937947,>10 km,,10,2
Clifty Creek,38.7378,-85.4206,1303.8,Operating,,IN,983.0,222586,1.3980343488657319,>10 km,,10,2
Mountaineer,38.9794,-81.9344,1300.0,Operating,,WV,6264.0,230721,0.7713856580528927,>10 km,,10,2
New Madrid,36.5147,-89.5617,1300.0,Operating,,MO,2167.0,157892,2.266275735846522,>10 km,,10,2
Miami Fort,39.1128,-84.8036,1278.0,Operating,2015.0,OH,2832.0,234463,1.7251312730196278,>10 km,,10,2
Big Cajun 2,30.7261,-91.3692,1276.9,Operating,,LA,6055.0,26101,1.3377568217199496,>10 km,,10,2
Winyah,33.33184,-79.357236,1275.8,Operating,,SC,6249.0,74459,2.5626189129405703,>10 km,,10,2
Gallatin (TN),36.3156,-86.4006,1255.2,Operating,,TN,3403.0,152240,0.9350991689875212,>10 km,,10,2
Morgantown Generating Plant,38.3592,-76.9767,1252.0,Retired,2022.0,MD,1573.0,211499,2.0748885465725904,>10 km,,10,1
Rush Island,38.131248,-90.263157,1242.0,Retired,2024.0,MO,6155.0,204547,0.7500161865768807,>10 km,,10,1
South Oak Creek,42.8457,-87.8294,1240.0,Operating,2024.0,WI,4041.0,358254,1.4174973486844153,>10 km,,10,2
Newton,38.9361,-88.2781,1234.8,Operating,2016.0,IL,6017.0,229503,1.2676762145109977,>10 km,,10,2
Pleasant Prairie,42.5381,-87.9033,1233.2,Retired,2018.0,WI,6170.0,347386,1.9707248863742417,>10 km,,10,1
Coal Creek,47.377743,-101.157058,1209.6,Operating,,ND,6030.0,496232,2.0148005442746,>10 km,,10,2
Big Brown,31.8206,-96.0544,1186.8,Retired,2018.0,TX,3497.0,43181,1.8254613594232072,>10 km,,10,1
Thomas Hill,39.5522,-92.6381,1181.7,Operating,,MO,2168.0,247665,1.4044002278948904,>10 km,,10,2
Jim Bridger,41.7378,-108.7875,1161.9,Operating,,WY,8066.0,320601,1.3995667923185369,>10 km,,10,2
FirstEnergy Fort Martin Power Station,39.710833,-79.9275,1152.0,Operating,,WV,3943.0,253746,0.7238550329855926,>10 km,,10,2
G G Allen,35.1897,-81.0122,1148.4,Retired,2024.0,NC,2718.0,121040,1.8565889290782067,>10 km,,10,1
Sooner,36.45307,-97.05279,1138.0,Operating,,OK,6095.0,156318,0.4461352472976806,>10 km,,10,2
Tolk,34.186494,-102.56999,1135.8,Operating,,TX,6194.0,94393,1.2205756535245826,>10 km,,10,2
GREC,36.190278,-95.2894,1134.0,Operating,2020.0,OK,165.0,148963,1.2076840963937818,>10 km,,10,2
Cholla,34.9394,-110.3033,1128.8,Retired,2025.0,AZ,113.0,114312,1.8773982844704578,>10 km,,10,1
Widows Creek,34.883022,-85.755253,1125.0,Retired,2015.0,AL,50.0,112969,0.7513115053021453,>10 km,,10,1
Columbia (WI),43.4864,-89.4203,1112.0,Operating,,WI,8023.0,378702,1.3617192525931858,>10 km,,10,2
Tanners Creek,39.0814,-84.8594,1100.1,Retired,2015.0,IN,988.0,233904,0.7855341788074064,>10 km,,10,1
Sioux,38.915479,-90.290247,1099.4,Operating,,MO,2107.0,228379,1.263641248078389,>10 km,,10,2
Victor J Daniel Jr,30.5322,-88.5553,1096.6,Operating,,MS,6073.0,23543,0.6532812015992716,>10 km,,10,2
Kyger Creek,38.9144,-82.1289,1086.5,Operating,,OH,2876.0,228561,0.5990053756582921,>10 km,,10,2
George Neal North,42.32517,-96.37971,1080.3,Operating,2016.0,IA,1091.0,340445,0.6215192296689299,>10 km,,10,2
Merom,39.0694,-87.5108,1080.0,Operating,,IN,6213.0,232450,1.986344916917264,>10 km,,10,2
Clay Boswell,47.2611,-93.6528,1072.5,Operating,2018.0,MN,1893.0,493994,2.3825032590550355,>10 km,,10,2
Cayuga,39.9242,-87.4244,1062.0,Operating,,IN,1001.0,260244,0.4519263695929253,>10 km,,10,2
Marshall (NC),35.5975,-80.9658,1059.5,Operating,,NC,2727.0,131975,2.162380569886399,>10 km,,10,2
Huntington,39.3792,-111.0781,1015.5,Operating,,UT,8069.0,242024,1.491848287823835,8-10 km,10.0,6,2
Sandy Creek Energy Station,31.474378,-96.957149,1008.0,Operating,,TX,56611.0,37344,1.9397810846422525,>10 km,,10,2
Weston,44.8606,-89.6553,1005.5,Operating,2015.0,WI,4078.0,424152,2.006212263177172,>10 km,,10,2
Coffeen,39.0586,-89.4031,1005.4,Retired,2019.0,IL,861.0,232893,0.7364105722448976,>10 km,,10,1
Allen,35.074087,-90.14868,990.0,Retired,2018.0,TN,3393.0,117822,1.9861624528414932,>10 km,,10,1
Antelope Valley,47.370542,-101.83566,954.0,Operating,,ND,6469.0,496222,1.971234183688301,>10 km,,10,2
Hammond,34.2528,-85.3456,953.0,Retired,2019.0,GA,708.0,96623,1.1769019012578854,>10 km,,10,1
E C Gaston,33.244211,-86.458056,952.0,Operating,,AL,26.0,72586,1.730714864326221,>10 km,,10,2
Bull Run,36.0211,-84.1567,950.0,Retired,2023.0,TN,3396.0,144128,0.9963661268305126,>10 km,,10,1
Northeastern,36.4317,-95.7008,946.0,Operating,2016.0,OK,2963.0,155110,1.5181910217116859,>10 km,,10,2
J T Deely,29.308056,-98.3228,932.0,Retired,2023.0,TX,6181.0,10920,1.752081194405313,>10 km,,10,1
Stanton Energy Center,28.4822,-81.1678,929.0,Operating,,FL,564.0,7150,1.2617074384321691,>10 km,,10,2
Will County,41.6334,-88.0629,897.6,Retired,2022.0,IL,884.0,317367,1.0494200603846195,>10 km,,10,1
Wabash River,39.53,-87.4247,860.2,Retired,2016.0,IN,1010.0,247735,1.1242706800199624,>10 km,,10,1
Clover,36.869,-78.704,848.0,Operating,,VA,7213.0,167780,1.9393610313939502,>10 km,,10,2
Edgewater,43.715142,-87.705863,833.7,Operating,2018.0,WI,4050.0,386163,0.922714481673988,>10 km,,10,2
Warrick,37.915,-87.3328,822.8,Operating,,IN,6705.0,198578,1.1369434179605609,>10 km,,10,2
Coronado,34.5789,-109.2708,821.8,Operating,,AZ,6177.0,104463,0.8728266635321018,8-10 km,10.0,6,2
Dave Johnston,42.8378,-105.7769,816.7,Operating,,WY,4158.0,356771,1.531755858749185,>10 km,,10,2
Big Sandy,38.1707,-82.6176,816.3,Retired,2015.0,KY,1353.0,205706,0.23732704265139756,>10 km,,10,1
Louisa,41.3181,-91.0931,811.9,Operating,,IA,6664.0,306721,1.796663235329919,>10 km,,10,2
Longview Power Plant,39.707893,-79.958974,807.5,Operating,,WV,56671.0,253745,0.768984262208232,>10 km,,10,2
Trenton Channel,42.1217,-83.1808,775.5,Retired,2022.0,MI,1745.0,334022,1.894929714791567,>10 km,,10,1
East Bend,38.9036,-84.8514,772.0,Operating,,KY,6018.0,228500,1.4888746642531765,>10 km,,10,2
Wateree,33.8264,-80.6228,771.8,Operating,,SC,3297.0,86643,2.1443690552345784,>10 km,,10,2
Mayo,36.5278,-78.8917,763.2,Operating,,NC,6250.0,158596,0.5295268022287057,>10 km,,10,2
E W Brown,37.78831,-84.71257,757.1,Operating,2019.0,KY,1355.0,194462,1.6166262304223982,>10 km,,10,2
Milton R Young,47.065854,-101.213093,734.0,Operating,,ND,2823.0,488348,1.4606463042256113,>10 km,,10,2
Chalk Point Steam,38.5444,-76.6861,728.0,Retired,2021.0,MD,65285.0,217925,1.8693065876952912,>10 km,,10,1
Ottumwa,41.0961,-92.555833,725.9,Operating,,IA,6254.0,298562,1.3147372762127203,>10 km,,10,2
Pirkey,32.4607,-94.4852,721.0,Retired,2023.0,TX,7902.0,55002,1.5657806283717133,8-10 km,10.0,6,1
Dolet Hills,32.030556,-93.569167,720.7,Retired,2021.0,LA,51.0,46982,1.4873580523469394,8-10 km,10.0,6,1
Plum Point Energy Station,35.6644,-89.9489,720.0,Operating,,AR,56456.0,133957,1.2485222341970488,>10 km,,10,2
George Neal South,42.3006,-96.3617,695.9,Operating,,IA,7343.0,339605,1.1943069336232202,>10 km,,10,2
Waukegan,42.3833,-87.8133,681.7,Retired,2022.0,IL,883.0,343053,2.019988998956559,>10 km,,10,1
Yates,33.4622,-84.8986,679.9,Retired,2015.0,GA,728.0,77489,1.0623219744212073,>10 km,,10,1
Virginia City Hybrid Energy Center,36.916389,-82.338055,668.0,Operating,,VA,56808.0,169386,1.1210932366244508,>10 km,,10,2
Sandow No 5,30.5681,-97.0614,661.5,Retired,2018.0,TX,52071.0,23876,1.1818600296695458,>10 km,,10,1
Williams,33.0158,-79.9297,659.7,Operating,,SC,3298.0,67629,0.8669086893189183,>10 km,,10,2
Leland Olds,47.280769,-101.321213,656.0,Operating,,ND,2817.0,493823,0.7112086143525767,>10 km,,10,2
River Rouge,42.2739,-83.1119,650.6,Retired,2021.0,MI,1740.0,338777,1.380553899085762,>10 km,,10,1
Chesapeake,36.7711,-76.3019,649.5,Retired,2015.0,VA,3803.0,165791,2.0408081285056427,>10 km,,10,1
Meramec,38.4017,-90.3358,648.0,Retired,2022.0,MO,2104.0,212288,2.2028532990760237,>10 km,,10,1
Cane Run,38.1831,-85.8892,644.6,Retired,2015.0,KY,1363.0,205666,1.405907839146139,>10 km,,10,1
Boardman,45.693182,-119.808819,642.2,Retired,2020.0,OR,6106.0,448691,1.1434148720054644,8-10 km,10.0,6,1
Coleto Creek,28.7128,-97.214167,622.4,Operating,,TX,6178.0,8040,1.9732609775747094,8-10 km,10.0,6,2
Dallman,39.754803,-89.602389,617.8,Operating,2024.0,IL,963.0,254638,1.6569115756624209,>10 km,,10,2
R S Nelson,30.2844,-93.2911,614.6,Operating,,LA,1393.0,20400,1.9988074593628504,>10 km,,10,2
Philip Sporn,38.9669,-81.9231,610.0,Retired,2015.0,WV,3938.0,230721,2.3832027975122942,>10 km,,10,1
John W Turk Jr Power Plant,33.649722,-93.811944,609.0,Operating,,AR,56564.0,81926,0.4871792505473987,>10 km,,10,2
Bailly,41.645,-87.1225,603.5,Retired,2018.0,IN,995.0,318465,1.7598049083128224,>10 km,,10,1
Kenneth C Coleman,37.9631,-86.7911,602.0,Retired,2020.0,KY,1381.0,199754,0.6660957337834706,>10 km,,10,1
Allen S King,45.03,-92.7786,598.4,Operating,,MN,1915.0,428930,0.13946465576365247,>10 km,,10,2
Northside Generating Station,30.4172,-81.5525,595.0,Operating,,FL,667.0,22134,1.4197722518416107,>10 km,,10,2
Sandow No 4,30.565871,-97.064032,590.6,Retired,2018.0,TX,6648.0,23876,1.3836244462831377,>10 km,,10,1
Dickerson,39.2097,-77.4644,588.0,Retired,2020.0,MD,65284.0,238394,2.4030851691072947,>10 km,,10,1
Seward (PA),40.40625,-79.03366,585.0,Operating,,PA,3130.0,276116,1.1971834543248532,>10 km,,10,2
Muskogee,35.76135,-95.28732,572.0,Operating,,OK,2952.0,136740,0.6510989337534887,>10 km,,10,2
Hawthorn,39.1306,-94.4778,569.0,Operating,,MO,2079.0,234376,1.1435874251498261,>10 km,,10,2
Lawrence Energy Center,39.0072,-95.269167,566.0,Operating,2015.0,KS,1250.0,231512,2.007107463434252,>10 km,,10,2
Montrose,38.3114,-93.9348,564.0,Retired,2018.0,MO,2080.0,210054,0.9936769968923487,>10 km,,10,1
Brame Energy Center,31.395,-92.716667,558.0,Operating,,LA,6190.0,35402,2.42678748998916,>10 km,,10,2
Flint Creek,36.2561,-94.5241,558.0,Operating,,AR,6138.0,151032,1.9529529407786725,>10 km,,10,2
Pawnee,40.2217,-103.6803,552.3,Operating,,CO,6248.0,270285,2.054468698225734,>10 km,,10,2
Dan E Karn,43.644996,-83.840074,544.0,Retired,2023.0,MI,1702.0,383630,0.7913248308009233,>10 km,,10,1
Michigan City,41.7208,-86.9086,540.0,Operating,,IN,997.0,320298,1.870414125138116,>10 km,,10,2
Lowman Energy Center,31.488019,-87.910747,538.0,Retired,2020.0,AL,56.0,37108,1.0324171566675184,>10 km,,10,1
A B Brown,37.9053,-87.715,530.4,Retired,2023.0,IN,6137.0,197524,2.363804125715383,>10 km,,10,1
Sibley,39.178319,-94.184445,524.0,Retired,2018.0,MO,2094.0,236935,1.9121651579647008,>10 km,,10,1
Red Hills Generating Facility,33.3761,-89.2183,513.7,Operating,,MS,55076.0,75959,1.7992214289515462,>10 km,,10,2
D B Wilson,37.4497,-87.0806,509.4,Operating,,KY,6823.0,185085,1.717332330116674,>10 km,,10,2
Wood River,38.8639,-90.1347,500.1,Retired,2016.0,IL,898.0,227305,1.7058699210634396,>10 km,,10,1
Bonanza,40.0864,-109.2844,499.5,Operating,,UT,7790.0,265311,1.0521968918175675,>10 km,,10,2
John Twitty Energy Center,37.151706,-93.38804,494.0,Operating,,MO,6195.0,175646,2.089755133461627,>10 km,,10,2
Havana,40.2797,-90.08,488.0,Retired,2019.0,IL,891.0,270874,1.613352209337468,>10 km,,10,1
Dry Fork Station,44.388889,-105.460833,483.7,Operating,,WY,56609.0,407494,0.5465172332285915,>10 km,,10,2
Hayden,40.4856,-107.185,465.4,Operating,,CO,525.0,277688,2.4903690008178105,8-10 km,10.0,6,2
Merrimack,43.1411,-71.4692,459.2,Operating,,NH,2364.0,368280,1.5041931243577178,>10 km,,10,2
Presque Isle,46.5789,-87.395,450.0,Retired,2019.0,MI,1769.0,475231,1.6656797940156296,>10 km,,10,1
Big Stone,45.303652,-96.510067,450.0,Operating,,SD,6098.0,437810,1.3061114058077403,>10 km,,10,2
Coyote,47.221447,-101.815722,450.0,Operating,,ND,8222.0,492383,0.9033267819655771,>10 km,,10,2
Hugo,34.0158,-95.3206,446.0,Operating,,OK,6772.0,90522,2.1022829859046355,>10 km,,10,2
Big Bend,27.7944,-82.4036,445.5,Retired,2021.0,FL,645.0,4813,2.3088057907509802,>10 km,,10,1
Indian River Generating Station,38.5857,-75.2341,445.5,Retired,2025.0,DE,594.0,219025,1.455475628323837,>10 km,,10,1
Kanawha River,38.2056,-81.4211,439.2,Retired,2017.0,WV,3936.0,207156,1.5540909860497534,>10 km,,10,1
Asheville,35.4731,-82.5417,413.6,Retired,2020.0,NC,2706.0,129000,1.2797593454599154,>10 km,,10,1
San Miguel,28.7044,-98.4775,410.0,Operating,,TX,6183.0,7856,1.9957771022209128,>10 km,,10,2
HMP&L Station Two Henderson,37.6469,-87.5028,405.0,Retired,2019.0,KY,1382.0,190259,1.4467521415850493,>10 km,,10,1
R D Morrow,31.2186,-89.394,400.0,Retired,2018.0,MS,6061.0,33140,1.0695704353870856,>10 km,,10,1
Bridgeport Station,41.1706,-73.1844,400.0,Retired,2021.0,CT,568.0,302418,1.8756351974664294,>10 km,,10,1
Indiantown Cogeneration LP,27.0389,-80.5125,395.4,Retired,2020.0,FL,50976.0,2991,2.0515303906038698,>10 km,,10,1
John P Madgett,44.303583,-91.912647,387.0,Operating,,WI,4271.0,404784,1.4391926773229233,>10 km,,10,2
Naughton,41.7581,-110.5983,380.8,Operating,,WY,4162.0,321434,1.6127241932425238,>10 km,,10,2
Yorktown,37.2144,-76.4611,375.0,Retired,2019.0,VA,3809.0,178084,0.4610407314605809,>10 km,,10,1
F B Culley,37.9111,-87.3275,368.9,Operating,,IN,1012.0,198578,1.7206791519729534,>10 km,,10,2
C D McIntosh Jr,28.0801,-81.9229,363.8,Retired,2021.0,FL,676.0,5835,2.263445653802167,>10 km,,10,1
Wyodak,44.290128,-105.381482,362.1,Operating,,WY,6101.0,404485,1.4781555751621442,>10 km,,10,2
North Omaha,41.32909,-95.94466,353.6,Operating,,NE,2291.0,306614,1.9511135574466432,>10 km,,10,2
Pulliam,44.54,-88.0086,350.2,Retired,2018.0,WI,4072.0,413364,1.1922423857959787,>10 km,,10,1
River Valley,35.1931,-94.6458,350.0,Operating,,OK,10671.0,120453,2.461494996958012,>10 km,,10,2
Major Oak Power,31.091925,-96.69503,349.2,Operating,,TX,7030.0,31344,1.7914323742978142,>10 km,,10,2
Holcomb,37.9308,-100.9725,348.7,Operating,,KS,108.0,198275,1.34240853094281,>10 km,,10,2
Genoa,43.5589,-91.2325,345.6,Retired,2021.0,WI,4143.0,380736,1.8658482426030891,>10 km,,10,1
J R Whiting,41.792114,-83.44948,345.4,Retired,2016.0,MI,1723.0,322631,1.8533517925331509,>10 km,,10,1
O H Hutchings,39.6088,-84.2921,345.0,Retired,2015.0,OH,2848.0,250333,1.003047656694012,>10 km,,10,1
Cooper,36.9981,-84.5919,344.0,Operating,,KY,1384.0,171740,0.39079290300867914,>10 km,,10,2
Lansing Smith,30.2686,-85.7003,340.0,Retired,2016.0,FL,643.0,20100,2.16095217415243,>10 km,,10,1
Glen Lyn,37.3706,-80.8633,337.5,Retired,2015.0,VA,3776.0,182113,1.8153223743562523,>10 km,,10,1
Archer Daniels Midland Decatur,39.870074,-88.890756,335.0,Operating,,IL,10865.0,259123,2.479005390956254,>10 km,,10,2
Edwardsport,38.8067,-87.2472,331.5,Operating,,IN,1004.0,225213,0.043453440518195316,>10 km,,10,2
Eckert Station,42.71839,-84.55808,331.0,Retired,2021.0,MI,1831.0,353955,1.1011995541714616,>10 km,,10,1
Whelan Energy Center,40.580872,-98.312437,324.3,Operating,,NE,60.0,281245,0.9468643003735626,>10 km,,10,2
B C Cobb,43.258768,-86.242268,312.6,Retired,2016.0,MI,1695.0,371494,1.5158663332081639,>10 km,,10,1
J C Weadock,43.639927,-83.844712,312.6,Retired,2016.0,MI,1720.0,383630,1.3256125122752134,>10 km,,10,1
Hennepin Power Station,41.3028,-89.315,306.3,Retired,2019.0,IL,892.0,305575,1.658437067531897,>10 km,,10,1
Eagle Valley (IN),39.48517,-86.4183,301.6,Retired,2016.0,IN,991.0,245874,2.357189247169649,>10 km,,10,1
R Gallagher,38.2636,-85.8381,300.0,Retired,2021.0,IN,1008.0,209169,2.162014731639,>10 km,,10,1
Reid Gardner,36.657347,-114.633263,294.8,Retired,2017.0,NV,2324.0,161873,1.6787594347210184,8-10 km,10.0,6,1
Rawhide,40.860905,-105.021207,293.6,Operating,,CO,6761.0,290236,2.1035039052994,>10 km,,10,2
Muscatine Plant #1,41.3917,-91.0569,293.5,Operating,2024.0,IA,1167.0,309008,1.0410585281615525,>10 km,,10,2
North Valmy,40.881317,-117.151605,289.8,Operating,,NV,8224.0,291118,0.7324524081239007,8-10 km,8.5,6,2
Black Dog,44.8108,-93.2501,276.8,Retired,2015.0,MN,1904.0,421944,1.8866669573021904,>10 km,,10,1
Lansing,43.3359,-91.1675,274.5,Retired,2023.0,IA,1047.0,374644,1.8753799451868944,>10 km,,10,1
Marion,37.619747,-88.953114,272.0,Operating,2020.0,IL,976.0,189193,1.7264065145726253,>10 km,,10,2
Sikeston Power Station,36.8791,-89.6209,261.0,Operating,,MO,6768.0,168559,1.22729173504827,>10 km,,10,2
Nearman Creek,39.1681,-94.6975,261.0,Operating,,KS,6064.0,235588,1.6360427720180475,>10 km,,10,2
Escalante,35.4159,-108.082,257.0,Retired,2020.0,NM,87.0,127239,2.621385734841064,8-10 km,10.0,6,1
Archer Daniels Midland Cedar Rapids,41.9221,-91.6875,256.1,Operating,,IA,10864.0,327233,1.077057514742447,>10 km,,10,2
Taconite Harbor Energy Center,47.5314,-90.9114,252.0,Retired,2023.0,MN,10075.0,500157,2.3907198577803244,>10 km,,10,1
TS Power Plant,40.7461,-116.5297,242.0,Operating,,NV,56224.0,286535,1.379828853456287,8-10 km,10.0,6,2
Clinch River,36.9333,-82.1997,237.5,Retired,2015.0,VA,3775.0,169388,1.5269417547965467,>10 km,,10,1
Frank E Ratts,38.5201,-87.2662,233.2,Retired,2015.0,IN,1043.0,216134,1.7219822058841006,>10 km,,10,1
Tecumseh Energy Center,39.0539,-95.568889,232.0,Retired,2018.0,KS,1252.0,232342,0.4374290713425922,>10 km,,10,1
Sheldon,40.5589,-96.7847,228.7,Operating,,NE,2277.0,281279,1.729756644158569,>10 km,,10,2
Nelson Dewey Generating Station,42.7225,-91.0085,227.2,Retired,2015.0,WI,4054.0,353845,1.3620209516725073,>10 km,,10,1
Dale,37.8806,-84.2619,216.0,Retired,2016.0,KY,1385.0,197600,1.8358558358299177,>10 km,,10,1
Asbury,37.361315,-94.58926,212.8,Retired,2020.0,MO,2076.0,181808,1.4299825962329016,>10 km,,10,1
Kraft,32.1486,-81.1458,207.9,Retired,2015.0,GA,733.0,49291,1.2730248646342963,>10 km,,10,1
Ray D Nixon,38.633451,-104.70577,207.0,Operating,,CO,8219.0,219281,1.3386612347232856,8-10 km,10.0,6,2
Apache Station,32.0603,-109.8931,204.0,Operating,,AZ,160.0,47193,1.2019560780681833,8-10 km,10.0,6,2
Valmont,40.0195,-105.202,191.7,Retired,2017.0,CO,477.0,262919,1.558866552309032,8-10 km,10.0,6,1
Stanton,47.286643,-101.331908,190.2,Retired,2017.0,ND,2824.0,493823,1.7460849246740804,>10 km,,10,1
Carbon,39.7272,-110.8644,188.6,Retired,2015.0,UT,3644.0,253058,2.012364108035426,>10 km,,10,1
Green River,37.3636,-87.1214,188.6,Retired,2015.0,KY,1357.0,181974,1.2820897011283385,>10 km,,10,1
Kennecott Power Plant,40.7119,-112.1225,182.0,Retired,2019.0,UT,56163.0,285982,1.249287463638175,8-10 km,8.5,6,1
Archer Daniels Midland Clinton,41.8206,-90.2097,180.0,Operating,,IA,10860.0,324170,0.8068094950404936,>10 km,,10,2
McIntosh,32.356287,-81.168347,177.6,Retired,2019.0,GA,6124.0,53768,1.8038079005020482,>10 km,,10,1
J E Corette Plant,45.77562,-108.480999,172.8,Retired,2015.0,MT,2187.0,451748,1.8615220450806746,>10 km,,10,1
Cherokee,39.807275,-104.964548,170.5,Retired,2015.0,CO,469.0,256511,1.15853499627533,8-10 km,10.0,6,1
Mitchell (GA),31.444728,-84.134696,163.2,Retired,2016.0,GA,727.0,36851,1.3359819836013227,>10 km,,10,1
Erickson Station,42.692222,-84.657222,154.7,Retired,2022.0,MI,1832.0,352863,1.4715698843830152,>10 km,,10,1
Mecklenburg Power Station,36.59951,-78.52991,139.8,Retired,2019.0,VA,52007.0,160627,0.33678426843448583,>10 km,,10,1
Herbert A Wagner,39.1781,-76.5268,136.0,Retired,2020.0,MD,1554.0,237316,2.3666127452720183,>10 km,,10,1
Northampton Generating Company LP,40.6917,-75.4792,134.1,Operating,,PA,50888.0,285205,1.9336079673987172,>10 km,,10,2
Silver Bay Power,47.286573,-91.260531,131.6,Operating,,MN,10849.0,494047,1.6713416341054848,>10 km,,10,2
Lon Wright,41.4281,-96.4623,130.0,Operating,,NE,2240.0,310253,0.570227600080652,>10 km,,10,2
Hoot Lake,46.290641,-96.043252,129.4,Retired,2021.0,MN,1943.0,466346,1.3514866931770897,>10 km,,10,1
South Plant (CO),38.824444,-104.833333,125.0,Retired,2022.0,CO,492.0,224822,2.0531968759321266,8-10 km,10.0,6,1
Colver Green Energy,40.55108,-78.79794,118.0,Operating,,PA,10143.0,280558,1.3070950738371323,>10 km,,10,2
Wygen III,44.2919,-105.3806,116.0,Operating,,WY,56596.0,404485,1.3698845522607612,>10 km,,10,2
Hardin Generator Project,45.7578,-107.6,115.7,Operating,,MT,55749.0,450729,1.06546376593872,>10 km,,10,2
R M Heskett,46.8669,-100.8836,115.0,Retired,2022.0,ND,2790.0,483541,1.6077536615135473,>10 km,,10,1
Spruance Operating Services LLC,37.4556,-77.4308,114.8,Retired,2021.0,VA,54081.0,185299,1.5362994349274244,>10 km,,10,1
Nucla,38.2383,-108.5069,113.8,Retired,2019.0,CO,527.0,207604,0.7031984943648785,>10 km,,10,1
Tennessee Eastman Operations,36.5219,-82.5431,110.5,Operating,,TN,50481.0,158551,1.4657376173651875,>10 km,,10,2
Platte,40.854765,-98.348222,109.8,Operating,,NE,59.0,290384,0.9462209876329936,>10 km,,10,2
Schiller,43.0978,-70.7842,100.0,Retired,2025.0,NH,2367.0,365115,1.2732796634425438,>10 km,,10,1
St Nicholas Cogen Project,40.8222,-76.1736,99.2,Operating,,PA,54634.0,289777,1.648909890485488,>10 km,,10,2
Silver Lake,44.02818,-92.460377,99.0,Retired,2015.0,MN,2008.0,396321,0.7644200610149618,>10 km,,10,1
Scholz,30.6692,-84.8869,98.0,Retired,2015.0,FL,642.0,25719,2.3773305642299927,>10 km,,10,1
Robert A Reid,37.6461,-87.5019,96.0,Retired,2020.0,KY,1383.0,190259,1.4692915882047868,>10 km,,10,1
Grant Town Power Plant,39.561831,-80.163138,95.7,Operating,,WV,10151.0,249321,2.1377036783106886,>10 km,,10,2
Wygen 2,44.2919,-105.3811,95.0,Operating,,WY,56319.0,404485,1.4122794404240848,>10 km,,10,2
Scrubgrass Reclamation CO. LP.,41.2691,-79.8134,94.7,Operating,,PA,50974.0,304616,2.177258569926222,>10 km,,10,2
Panther Creek Energy Facility,40.8556,-75.8781,94.0,Operating,,PA,50776.0,290884,1.066568613493488,>10 km,,10,2
Whitewater Valley,39.8028,-84.8953,93.9,Operating,,IN,1040.0,256957,2.0107948213837905,>10 km,,10,2
Wygen 1,44.2858,-105.3833,90.0,Operating,,WY,55479.0,404485,1.7941111897364452,>10 km,,10,2
Neil Simpson II,44.2856,-105.3833,90.0,Operating,,WY,7504.0,404485,1.804457836650057,>10 km,,10,2
John B Rich Memorial Power Station,40.7903,-76.1983,88.4,Operating,,PA,10113.0,288650,1.5639248418260216,>10 km,,10,2
James River Power Station,37.108611,-93.261944,88.0,Retired,2017.0,MO,2161.0,174620,1.0052170824513222,>10 km,,10,1
Shiras,46.530598,-87.392206,77.5,Retired,2019.0,MI,1843.0,474309,1.07066031367955,>10 km,,10,1
Archer Daniels Midland Columbus,41.416442,-97.286328,71.4,Operating,,NE,57046.0,310242,1.3812660679485458,>10 km,,10,2
TES Filer City Station,44.217299,-86.28905,70.0,Operating,,MI,50835.0,402766,1.7646899094247004,>10 km,,10,2
Morgantown Energy Facility,39.6397,-79.960556,68.9,Operating,,WV,10743.0,251132,0.5898134636549,>10 km,,10,2
Prairie Creek,41.944039,-91.639167,64.6,Operating,2025.0,IA,1073.0,327699,2.1958191215532197,>10 km,,10,2
James De Young,42.7956,-86.1133,62.8,Retired,2017.0,MI,1830.0,356090,0.9480557810479582,>10 km,,10,1
Argus Cogen Plant,35.765,-117.3833,62.5,Operating,,CA,10684.0,136249,1.3327506516666594,6-7 km,6.753178246858505,4,2
Orrville,40.850964,-81.765764,59.5,Operating,,OH,2935.0,290753,0.5422749054932123,>10 km,,10,2
Sunnyside Cogen Associates,39.5472,-110.3917,58.1,Operating,,UT,50951.0,248029,1.0556220494926831,>10 km,,10,2
Ebensburg Power,40.455,-78.7472,57.6,Operating,,PA,10603.0,278320,1.7985050028790657,>10 km,,10,2
Painesville,41.7265,-81.254,53.5,Operating,,OH,2936.0,320934,1.2220976461364519,>10 km,,10,2
Lewis & Clark,47.6785,-104.15665,50.0,Retired,2021.0,MT,6089.0,503602,1.0397431206076024,>10 km,,10,1
Wheelabrator Frackville Energy,40.782377,-76.176184,48.0,Retired,2020.0,PA,50879.0,288650,1.1212350780278062,>10 km,,10,1
Foster Wheeler Mt Carmel Cogen,40.811189,-76.452951,47.3,Operating,,PA,10343.0,289772,0.46083081238860885,>10 km,,10,2
Colstrip Energy LP,45.9752,-106.6547,46.1,Operating,,MT,10784.0,456653,1.1703496475311057,>10 km,,10,2
Missouri City,39.231534,-94.307979,46.0,Retired,2016.0,MO,2171.0,238019,0.5688984961989895,>10 km,,10,1
Pixelle Specialty Solutions LLC - Spring,39.870935,-76.868117,45.9,Operating,,PA,50397.0,259381,1.761763449337703,>10 km,,10,2
Covington Facility,37.799722,-79.9947,44.5,Operating,,VA,50900.0,194567,2.298850443240123,>10 km,,10,2
WE Soda Alkalai LLC,41.621667,-109.811944,41.0,Operating,,WY,57915.0,316883,0.488700292400758,>10 km,,10,2
Biron Mill,44.43,-89.78,38.5,Operating,,WI,10234.0,409067,1.5590980427404315,>10 km,,10,2
Columbia (MO),38.964646,-92.316768,38.5,Retired,2019.0,MO,2123.0,229413,2.137049108295547,>10 km,,10,1
Westwood Generation LLC,40.6191,-76.45,36.0,Operating,,PA,50611.0,282862,1.4284378307640802,>10 km,,10,2
Peru (IN),40.7551,-86.0575,34.5,Retired,2015.0,IN,1037.0,287212,2.156635323856258,>10 km,,10,1
General Chemical,41.5933,-109.7542,30.0,Operating,,WY,54318.0,315628,1.386545093032109,>10 km,,10,2
Univ of NC Chapel Hill Cogen Facility,35.9069,-79.0617,28.0,Operating,,NC,54276.0,141219,0.41540722129161906,>10 km,,10,2
Dover (OH),40.520066,-81.46815,27.5,Operating,,OH,2914.0,278430,2.3733744067367137,>10 km,,10,2
Crawfordsville Power Plant,40.048889,-86.8992,24.1,Retired,2023.0,IN,1024.0,264194,1.4635323696983353,>10 km,,10,1
Marshall (MO),39.1228,-93.2064,22.5,Retired,2016.0,MO,2144.0,234966,1.721881175401209,>10 km,,10,1
TalenEnergy Montour,41.0714,-76.6672,17.2,Retired,2019.0,PA,3149.0,298998,1.979440060466983,>10 km,,10,1
American Crystal Sugar Hillsboro,47.437562,-97.06311,13.3,Operating,,ND,54210.0,497749,1.7406788710952572,>10 km,,10,2
Milwaukee County,43.046,-88.0281,11.0,Retired,2016.0,WI,7549.0,364757,1.7870844741169092,>10 km,,10,1
Rhinelander Mill,45.6394,-89.4205,9.3,Operating,,WI,50933.0,447241,1.5931989590074747,>10 km,,10,2
Southern Minnesota Beet Sugar,44.796405,-95.179787,7.5,Operating,,MN,54533.0,421498,2.0533550733245094,>10 km,,10,2
American Crystal Sugar East Grand Forks,47.927202,-97.007153,7.5,Operating,,MN,54214.0,509892,1.7018779547701006,>10 km,,10,2
American Crystal Sugar Crookston,47.76468,-96.633375,6.5,Operating,,MN,54212.0,506092,0.9263062285218121,>10 km,,10,2
Neenah Paper Munising Mill,46.4094,-86.6443,6.2,Operating,,MI,54867.0,470580,1.6336084330640182,>10 km,,10,2
American Crystal Sugar Drayton,48.593158,-97.17608,6.0,Operating,,ND,54213.0,526487,1.092585219997046,>10 km,,10,2
West Campus Steam Plant,40.792778,-77.864722,6.0,Retired,2015.0,PA,58194.0,288122,1.937831820313471,>10 km,,10,1
SABIC Innovative Plastics Mt. Vernon,37.910278,-87.926111,5.5,Retired,2017.0,IN,58063.0,198565,1.6349015478228408,>10 km,,10,1
American Crystal Sugar Moorhead,46.9026,-96.76112,5.0,Operating,,MN,54211.0,484556,1.5221087029088478,>10 km,,10,2
Juniata Locomotive Shop,40.533299,-78.384125,4.0,Retired,2015.0,PA,10302.0,280567,0.9062427792880458,>10 km,,10,1
Trinidad (CO),37.178979,-104.487492,3.7,Retired,2017.0,CO,511.0,176441,1.92264062681491,8-10 km,10.0,6,1
SIUC,37.711944,-89.215,3.5,Operating,,IL,57928.0,191999,0.8988155689920139,>10 km,,10,2
MSC Sebewaing,43.741111,-83.447222,2.5,Operating,,MI,57949.0,386558,1.8040142395880003,>10 km,,10,2
Morton Salt Rittman,40.9692,-81.7756,1.5,Retired,2015.0,OH,54335.0,294984,1.85295877405223,>10 km,,10,1
Western Sugar Cooperative - Billings,45.765346,-108.499232,1.5,Operating,,MT,62319.0,450717,1.4140254928998897,>10 km,,10,2
